{
  "hash": "089f27f5",
  "configHash": "df0e9a4c",
  "lockfileHash": "041320ff",
  "browserHash": "9bea9f65",
  "optimized": {
    "@angular/common": {
      "src": "../../../../../../node_modules/@angular/common/fesm2022/common.mjs",
      "file": "@angular_common.js",
      "fileHash": "1d5e5d93",
      "needsInterop": false
    },
    "@angular/core": {
      "src": "../../../../../../node_modules/@angular/core/fesm2022/core.mjs",
      "file": "@angular_core.js",
      "fileHash": "251997a0",
      "needsInterop": false
    },
    "@angular/forms": {
      "src": "../../../../../../node_modules/@angular/forms/fesm2022/forms.mjs",
      "file": "@angular_forms.js",
      "fileHash": "21efcb59",
      "needsInterop": false
    },
    "@angular/platform-browser": {
      "src": "../../../../../../node_modules/@angular/platform-browser/fesm2022/platform-browser.mjs",
      "file": "@angular_platform-browser.js",
      "fileHash": "a1c81f9e",
      "needsInterop": false
    },
    "@ngrx/store": {
      "src": "../../../../../../node_modules/@ngrx/store/fesm2022/ngrx-store.mjs",
      "file": "@ngrx_store.js",
      "fileHash": "d46fa44a",
      "needsInterop": false
    },
    "@ngrx/store-devtools": {
      "src": "../../../../../../node_modules/@ngrx/store-devtools/fesm2022/ngrx-store-devtools.mjs",
      "file": "@ngrx_store-devtools.js",
      "fileHash": "3d6721df",
      "needsInterop": false
    }
  },
  "chunks": {
    "chunk-NGVF37TU": {
      "file": "chunk-NGVF37TU.js"
    },
    "chunk-MYES6R5F": {
      "file": "chunk-MYES6R5F.js"
    },
    "chunk-RHKMKBRD": {
      "file": "chunk-RHKMKBRD.js"
    }
  }
}